{
  "project_info": {
    "project_number": "347598015330",
    "firebase_url": "https://face-detection-app-60af0.firebaseio.com",
    "project_id": "face-detection-app-60af0",
    "storage_bucket": "face-detection-app-60af0.appspot.com"
  },
  "client": [
    {
      "client_info": {
        "mobilesdk_app_id": "1:347598015330:android:cf70b2b13d021dced9ba3b",
        "android_client_info": {
          "package_name": "com.avikapps.facedetectionapp"
        }
      },
      "oauth_client": [
        {
          "client_id": "347598015330-0no5chjd8qk8eljus9ncp41tuopjoc1i.apps.googleusercontent.com",
          "client_type": 3
        }
      ],
      "api_key": [
        {
          "current_key": "AIzaSyAJsPssgVCdp09lX9pdwofSl4IaiEE7oqo"
        }
      ],
      "services": {
        "appinvite_service": {
          "other_platform_oauth_client": [
            {
              "client_id": "347598015330-0no5chjd8qk8eljus9ncp41tuopjoc1i.apps.googleusercontent.com",
              "client_type": 3
            }
          ]
        }
      }
    }
  ],
  "configuration_version": "1"
}